season,fantasy_player_id,fantasy_player_name,team,team_ppr,fg_0_39_made,fg_40_49_made,fg_50_59_made,fg_60p_made,fg_miss,pat_miss,k_fp_calc,fp,ppg,position
2002,00-0000108,D.Akers,PHI,PHI,23,6,1,0,3,0,137,137,9.133333333333333,K
2002,00-0000282,M. Andersen,KC,KC,16,5,1,0,4,0,120,120,8.571428571428571,K
2002,00-0000313,G.Anderson,MIN,MIN,13,3,1,0,4,1,83,83,6.384615384615385,K
2002,00-0001980,K.Brown,HOU,HOU,4,10,2,0,5,0,77,77,5.133333333333334,K
2002,00-0002655,J.Carney,NO,NO,18,11,0,0,4,0,131,131,8.733333333333333,K
2002,00-0002975,S.Christie,SD,SD,9,3,1,0,8,1,68,68,4.857142857142857,K
2002,00-0003501,J.Cortez,SF,SF,15,3,0,0,6,0,76,76,7.6,K
2002,00-0004091,P.Dawson,CLE,CLE,15,4,2,0,6,1,96,96,6.4,K
2002,00-0004811,J.Elam,DEN,DEN,9,1,1,0,6,1,52,55,7.857142857142857,K
2002,00-0004811,J.Elam,DEN,DEN,7,3,2,0,4,0,55,55,7.857142857142857,K
2002,00-0006223,M.Gramatica,TB,TB,16,6,5,0,7,0,122,122,8.133333333333333,K
2002,00-0006662,J.Hall,NYJ,NYJ,18,6,0,0,7,2,100,100,6.666666666666667,K
2002,00-0006800,J.Hanson,DET,DET,15,7,0,0,5,0,96,96,6.4,K
2002,00-0007622,M.Hollis,BUF,BUF,5,2,0,0,1,0,31,80,7.2727272727272725,K
2002,00-0007622,M.Hollis,BUF,BUF,8,5,3,0,7,0,80,80,7.2727272727272725,K
2002,00-0010072,R.Longwell,GB,GB,20,7,0,0,6,0,124,124,8.266666666666667,K
2002,00-0010373,O. Mare,MIA,MIA,12,7,1,0,4,1,91,91,7.583333333333333,K
2002,00-0011970,J.Nedney,TEN,TEN,17,5,1,0,6,0,105,105,7.0,K
2002,00-0012875,T.Peterson,PIT,PIT,9,3,0,0,9,1,55,55,5.5,K
2002,00-0015784,M.Stover,BAL,BAL,13,6,1,0,4,0,93,93,6.642857142857143,K
2002,00-0016830,M.Vanderjagt,IND,IND,12,6,3,0,8,0,99,99,6.6,K
2002,00-0016919,A.Vinatieri,NE,NE,16,6,1,0,3,0,109,109,7.266666666666667,K
2002,00-0017693,J. Wilkins,STL,STL,12,6,0,0,6,0,87,87,5.8,K
2002,00-0018949,T.Seder,JAX,JAX,6,2,0,0,4,0,33,33,6.6,K
2002,00-0019310,R.Lindell,SEA,SEA,17,4,1,0,5,0,101,101,6.733333333333333,K
2002,00-0019490,P.Edinger,CHI,CHI,9,8,5,0,6,0,107,107,7.133333333333334,K
2002,00-0019536,S.Graham,CAR,CAR,5,6,1,0,5,0,59,59,5.9,K
2002,00-0019542,J.Tuthill,WAS,WAS,7,2,1,0,6,1,48,48,4.363636363636363,K
2002,00-0019646,S. Janikowski,OAK,OAK,12,4,2,0,3,0,81,81,9.0,K
2002,00-0019646,S. Janikowski,OAK,OAK,4,3,0,0,4,0,45,81,9.0,K
2002,00-0019676,N.Rackers,CIN,CIN,9,3,2,0,3,2,76,76,5.066666666666666,K
2002,00-0019770,J.Feely,ATL,ATL,19,9,1,0,7,1,132,132,8.8,K
2002,00-0020296,B.Gramatica,ARI,ARI,7,4,1,0,5,0,57,57,5.181818181818182,K
2002,00-0020578,M.Bryant,NYG,NYG,22,3,0,0,5,2,102,102,6.8,K
2002,00-0020737,J.Reed,PIT,PIT,9,5,1,0,2,1,58,58,11.6,K
2002,00-0020972,B.Cundiff,DAL,DAL,8,4,0,0,7,0,56,56,3.7333333333333334,K
2002,00-0021226,J.Chandler,SF,SF,3,3,0,0,4,0,29,29,5.8,K
2002,00-0021347,H. Epstein,JAX,JAX,4,0,0,0,3,0,20,20,4.0,K
2003,00-0000108,D.Akers,PHI,PHI,15,6,2,0,5,0,111,111,7.928571428571429,K
2003,00-0000282,M. Andersen,KC,KC,10,5,0,0,4,1,100,100,6.666666666666667,K
2003,00-0000313,G.Anderson,TEN,TEN,14,9,0,0,4,0,113,113,8.071428571428571,K
2003,00-0001759,D.Brien,NYJ,NYJ,17,8,0,0,5,0,101,101,6.733333333333333,K
2003,00-0001980,K.Brown,HOU,HOU,11,5,1,0,4,0,79,79,5.642857142857143,K
2003,00-0002655,J.Carney,NO,NO,14,5,1,0,8,1,93,93,6.2,K
2003,00-0002975,S. Christie,SD,SD,10,3,2,0,5,0,80,80,5.714285714285714,K
2003,00-0003395,B.Conway,NYG,NYG,8,1,0,0,3,0,31,31,6.2,K
2003,00-0004091,P.Dawson,CLE,CLE,6,0,1,0,0,0,33,45,5.625,K
2003,00-0004091,P.Dawson,CLE,CLE,7,3,1,0,3,1,45,45,5.625,K
2003,00-0004811,J.Elam,DEN,DEN,13,5,2,0,3,0,98,98,8.166666666666666,K
2003,00-0006223,M.Gramatica,TB,TB,10,3,1,0,10,1,69,69,4.6,K
2003,00-0006662,J.Hall,WAS,WAS,15,6,4,0,7,1,106,106,7.571428571428571,K
2003,00-0006800,J.Hanson,DET,DET,10,5,3,0,1,1,82,82,6.833333333333333,K
2003,00-0009028,J.Kasay,CAR,CAR,17,10,2,0,6,1,119,119,7.933333333333334,K
2003,00-0010072,R.Longwell,GB,GB,15,6,1,0,2,0,118,118,7.866666666666666,K
2003,00-0010373,O.Mare,MIA,MIA,10,5,4,0,6,1,95,95,6.785714285714286,K
2003,00-0012875,T.Peterson,SF,SF,7,4,0,0,2,1,55,55,7.857142857142857,K
2003,00-0015784,M.Stover,BAL,BAL,22,9,0,0,4,0,131,131,8.733333333333333,K
2003,00-0016830,M.Vanderjagt,IND,IND,23,11,1,0,0,0,162,162,10.8,K
2003,00-0016919,A.Vinatieri,NE,NE,19,5,0,0,8,1,101,101,7.214285714285714,K
2003,00-0017693,J.Wilkins,STL,STL,26,8,3,0,3,0,162,162,10.8,K
2003,00-0019310,R.Lindell,BUF,BUF,12,2,0,0,5,0,63,63,4.846153846153846,K
2003,00-0019490,P.Edinger,CHI,CHI,14,8,3,0,9,0,106,106,7.571428571428571,K
2003,00-0019536,S.Graham,CIN,CIN,15,7,0,0,2,0,108,108,7.2,K
2003,00-0019646,S.Janikowski,OAK,OAK,2,3,0,0,0,0,25,71,7.1,K
2003,00-0019646,S.Janikowski,OAK,OAK,10,5,1,0,3,1,71,71,7.1,K
2003,00-0019676,N.Rackers,ARI,ARI,4,3,0,0,3,0,29,29,4.833333333333333,K
2003,00-0019770,J.Feely,ATL,ATL,15,4,0,0,8,1,82,82,5.466666666666667,K
2003,00-0020379,O.Pochman,SF,SF,4,4,0,0,7,1,30,30,5.0,K
2003,00-0020578,M.Bryant,NYG,NYG,6,4,0,0,3,0,45,45,4.5,K
2003,00-0020737,J. Reed,PIT,PIT,13,4,1,0,7,0,75,75,6.25,K
2003,00-0020972,B.Cundiff,DAL,DAL,16,4,3,0,6,1,101,101,7.214285714285714,K
2003,00-0021052,T.Duncan,ARI,ARI,4,1,1,0,4,1,22,22,4.4,K
2003,00-0021080,A. Elling,MIN,MIN,13,3,1,0,6,0,96,96,6.4,K
2003,00-0021462,S.Marler,JAX,JAX,14,5,1,0,12,0,82,82,5.466666666666667,K
2003,00-0021940,J.Brown,SEA,SEA,14,6,1,0,7,0,108,108,7.2,K
2004,00-0000108,D.Akers,PHI,PHI,10,14,2,0,4,1,130,130,8.666666666666666,K
2004,00-0000282,M.Andersen,MIN,MIN,13,4,0,0,4,0,94,94,6.266666666666667,K
2004,00-0000313,G.Anderson,TEN,TEN,8,8,0,0,3,0,87,87,6.214285714285714,K
2004,00-0001759,D.Brien,NYJ,NYJ,11,9,1,0,4,1,100,100,6.666666666666667,K
2004,00-0001980,K.Brown,HOU,HOU,10,6,1,0,7,0,84,84,5.6,K
2004,00-0002655,J.Carney,NO,NO,15,5,2,0,4,0,106,106,7.066666666666666,K
2004,00-0002975,S.Christie,NYG,NYG,15,4,3,0,6,0,98,98,6.533333333333333,K
2004,00-0004091,P.Dawson,CLE,CLE,14,4,1,0,5,0,85,85,5.666666666666667,K
2004,00-0004811,J.Elam,DEN,DEN,16,6,3,0,5,0,119,119,7.933333333333334,K
2004,00-0006223,M.Gramatica,TB,TB,9,1,1,0,8,1,49,49,4.454545454545454,K
2004,00-0006662,J.Hall,WAS,WAS,7,1,0,0,3,0,35,35,4.375,K
2004,00-0006800,J.Hanson,DET,DET,17,5,0,0,4,0,94,94,6.266666666666667,K
2004,00-0009028,J.Kasay,CAR,CAR,15,1,2,0,2,1,83,83,6.916666666666667,K
2004,00-0010072,R.Longwell,GB,GB,15,6,2,0,4,0,119,119,7.933333333333334,K
2004,00-0010373,O.Mare,MIA,MIA,7,3,2,0,3,0,55,55,5.5,K
2004,00-0012875,T.Peterson,SF,SF,11,5,2,0,3,0,80,80,5.714285714285714,K
2004,00-0015784,M.Stover,BAL,BAL,15,9,2,0,3,0,115,115,7.666666666666667,K
2004,00-0016830,M.Vanderjagt,IND,IND,15,5,0,0,5,1,117,117,8.357142857142858,K
2004,00-0016919,A.Vinatieri,NE,NE,20,11,0,0,2,0,147,147,9.8,K
2004,00-0017693,J.Wilkins,STL,STL,11,3,4,0,5,0,88,88,5.866666666666666,K
2004,00-0019253,J.Taylor,TB,TB,2,1,1,0,1,0,24,24,6.0,K
2004,00-0019310,R.Lindell,BUF,BUF,22,1,0,0,3,0,109,109,7.785714285714286,K
2004,00-0019490,P.Edinger,CHI,CHI,8,4,3,0,9,0,66,66,4.4,K
2004,00-0019536,S.Graham,CIN,CIN,17,7,2,0,3,0,122,122,8.133333333333333,K
2004,00-0019646,S.Janikowski,OAK,OAK,13,8,2,0,3,1,109,109,7.266666666666667,K
2004,00-0019676,N.Rackers,ARI,ARI,9,4,5,0,5,0,91,91,6.066666666666666,K
2004,00-0019770,J.Feely,ATL,ATL,14,2,0,0,4,0,84,84,6.0,K
2004,00-0019778,L.Tynes,KC,KC,12,3,1,0,5,2,104,104,6.933333333333334,K
2004,00-0020737,J.Reed,PIT,PIT,16,5,2,0,5,0,111,111,7.4,K
2004,00-0020972,B.Cundiff,DAL,DAL,10,7,0,0,6,0,82,82,5.466666666666667,K
2004,00-0021389,O.Kimrin,WAS,WAS,5,1,0,0,4,0,21,21,4.2,K
2004,00-0021940,J.Brown,SEA,SEA,16,6,1,0,2,0,110,110,7.333333333333333,K
2004,00-0022737,N.Kaeding,SD,SD,11,5,3,0,5,1,114,114,7.6,K
2004,00-0022874,J.Scobee,JAX,JAX,16,5,1,0,7,0,85,85,5.666666666666667,K
2005,00-0000108,D.Akers,PHI,PHI,9,4,1,0,6,0,63,63,6.3,K
2005,00-0001980,K.Brown,HOU,HOU,20,4,1,0,7,0,96,96,6.4,K
2005,00-0002655,J.Carney,NO,NO,15,8,0,0,7,0,91,91,6.066666666666666,K
2005,00-0003501,J.Cortez,DAL,DAL,9,3,0,0,4,1,48,48,6.857142857142857,K
2005,00-0004091,P.Dawson,CLE,CLE,20,5,0,0,2,2,95,95,6.785714285714286,K
2005,00-0004811,J.Elam,DEN,DEN,14,9,1,0,7,1,116,116,7.733333333333333,K
2005,00-0006662,J.Hall,WAS,WAS,6,5,0,0,2,0,59,59,6.555555555555555,K
2005,00-0006800,J.Hanson,DET,DET,13,4,2,0,5,0,84,84,6.0,K
2005,00-0009028,J.Kasay,CAR,CAR,15,5,3,0,8,1,110,110,7.333333333333333,K
2005,00-0010072,R.Longwell,GB,GB,10,3,4,0,7,1,83,83,5.533333333333333,K
2005,00-0010373,O.Mare,MIA,MIA,16,4,1,0,5,0,95,95,6.785714285714286,K
2005,00-0011970,J.Nedney,SF,SF,13,9,2,0,2,0,100,100,7.142857142857143,K
2005,00-0012875,T.Peterson,ATL,ATL,19,3,0,0,2,0,102,102,6.8,K
2005,00-0015784,M.Stover,BAL,BAL,17,10,0,0,4,0,109,109,7.266666666666667,K
2005,00-0016830,M.Vanderjagt,IND,IND,16,6,0,0,2,0,120,120,8.0,K
2005,00-0016919,A.Vinatieri,NE,NE,15,3,0,0,5,1,91,91,6.066666666666666,K
2005,00-0017693,J.Wilkins,STL,STL,13,8,4,0,2,0,123,123,8.2,K
2005,00-0019310,R.Lindell,BUF,BUF,16,7,2,0,6,0,104,104,6.933333333333334,K
2005,00-0019490,P.Edinger,MIN,MIN,13,8,2,0,9,0,99,99,7.071428571428571,K
2005,00-0019536,S.Graham,CIN,CIN,21,6,0,0,4,0,130,130,8.666666666666666,K
2005,00-0019646,S.Janikowski,OAK,OAK,13,7,0,0,10,0,84,84,5.6,K
2005,00-0019676,N.Rackers,ARI,ARI,20,12,6,0,2,0,155,155,11.071428571428571,K
2005,00-0019770,J.Feely,NYG,NYG,22,7,3,0,7,0,142,142,9.466666666666667,K
2005,00-0019778,L.Tynes,KC,KC,18,4,2,0,6,1,114,114,7.6,K
2005,00-0020578,M.Bryant,TB,TB,9,9,1,0,4,0,92,92,7.076923076923077,K
2005,00-0020737,J.Reed,PIT,PIT,18,6,0,0,5,0,113,113,7.533333333333333,K
2005,00-0020962,R.Bironas,TEN,TEN,16,5,2,0,6,1,101,101,6.733333333333333,K
2005,00-0020972,B.Cundiff,DAL,DAL,4,0,1,0,3,0,28,28,4.666666666666667,K
2005,00-0021940,J.Brown,SEA,SEA,9,3,5,0,7,1,111,111,7.4,K
2005,00-0022737,N.Kaeding,SD,SD,13,8,0,0,3,0,116,116,7.733333333333333,K
2005,00-0022874,J.Scobee,JAX,JAX,15,4,2,0,7,0,98,98,6.533333333333333,K
2005,00-0023096,N.Novak,WAS,WAS,4,1,0,0,2,0,29,29,5.8,K
2005,00-0023252,R.Gould,CHI,CHI,17,3,0,0,6,1,75,75,6.25,K
2005,00-0023482,M.Nugent,NYJ,NYJ,13,6,0,0,5,0,79,79,5.642857142857143,K
2006,00-0000108,D.Akers,PHI,PHI,12,5,0,0,4,0,97,97,6.466666666666667,K
2006,00-0000282,M.Andersen,ATL,ATL,13,6,0,0,3,0,85,85,6.538461538461538,K
2006,00-0001980,K.Brown,HOU,HOU,8,11,0,0,6,1,86,86,5.733333333333333,K
2006,00-0002655,J.Carney,NO,NO,17,5,1,0,2,1,117,117,7.8,K
2006,00-0004091,P.Dawson,CLE,CLE,13,5,1,0,7,0,82,82,5.466666666666667,K
2006,00-0004811,J.Elam,DEN,DEN,17,6,1,0,2,0,110,110,7.333333333333333,K
2006,00-0006223,M.Gramatica,DAL,DAL,2,3,0,0,2,0,26,26,6.5,K
2006,00-0006662,J.Hall,WAS,WAS,7,2,0,0,2,0,36,36,7.2,K
2006,00-0006800,J.Hanson,DET,DET,15,7,3,0,4,0,111,111,7.4,K
2006,00-0009028,J.Kasay,CAR,CAR,11,8,4,0,3,0,106,106,7.066666666666666,K
2006,00-0010072,R.Longwell,MIN,MIN,17,4,0,0,4,1,87,87,5.8,K
2006,00-0010373,O.Mare,MIA,MIA,12,8,1,0,10,0,84,84,6.0,K
2006,00-0011970,J.Nedney,SF,SF,19,5,1,0,6,0,103,103,6.866666666666666,K
2006,00-0015784,M.Stover,BAL,BAL,17,6,1,0,2,0,114,114,7.6,K
2006,00-0016830,M.Vanderjagt,DAL,DAL,11,1,1,0,5,0,70,70,7.0,K
2006,00-0016919,A.Vinatieri,IND,IND,15,8,0,0,3,0,109,109,9.083333333333334,K
2006,00-0017693,J.Wilkins,STL,STL,18,10,2,0,5,0,129,129,9.214285714285714,K
2006,00-0019310,R.Lindell,BUF,BUF,13,8,2,0,2,0,111,111,7.4,K
2006,00-0019536,S.Graham,CIN,CIN,16,6,2,0,4,2,116,116,7.733333333333333,K
2006,00-0019646,S.Janikowski,OAK,OAK,11,3,3,0,7,0,69,69,5.75,K
2006,00-0019676,N.Rackers,ARI,ARI,18,7,1,0,9,0,108,108,7.2,K
2006,00-0019770,J.Feely,NYG,NYG,15,6,0,0,4,0,99,99,6.6,K
2006,00-0019778,L.Tynes,KC,KC,15,7,2,0,7,1,106,106,7.066666666666666,K
2006,00-0020578,M.Bryant,TB,TB,11,5,0,1,4,1,76,76,5.428571428571429,K
2006,00-0020737,J.Reed,PIT,PIT,14,4,1,0,7,0,95,95,7.3076923076923075,K
2006,00-0020962,R.Bironas,TEN,TEN,14,4,0,1,5,0,89,89,6.357142857142857,K
2006,00-0021940,J.Brown,SEA,SEA,12,7,3,0,6,0,107,107,7.133333333333334,K
2006,00-0022737,N.Kaeding,SD,SD,17,6,1,0,3,0,132,132,8.8,K
2006,00-0022874,J.Scobee,JAX,JAX,11,14,0,0,6,0,121,121,8.066666666666666,K
2006,00-0023001,S.Suisham,WAS,WAS,6,1,1,0,1,0,34,34,8.5,K
2006,00-0023096,N.Novak,WAS,WAS,2,3,0,0,5,0,23,23,3.8333333333333335,K
2006,00-0023252,R.Gould,CHI,CHI,20,12,0,0,4,0,150,150,10.0,K
2006,00-0023482,M.Nugent,NYJ,NYJ,15,4,2,0,3,1,100,100,7.6923076923076925,K
2006,00-0023635,D.Rayner,GB,GB,16,7,1,0,8,0,102,102,6.8,K
2006,00-0024333,S.Gostkowski,NE,NE,15,2,1,0,5,0,92,92,6.571428571428571,K
2007,00-0000108,D.Akers,PHI,PHI,21,1,1,0,8,0,98,98,6.533333333333333,K
2007,00-0000282,M.Andersen,ATL,ATL,18,4,0,0,3,0,86,86,6.615384615384615,K
2007,00-0001980,K.Brown,HOU,HOU,13,7,5,0,4,0,122,122,8.133333333333333,K
2007,00-0002655,J.Carney,JAX,JAX,8,1,0,0,2,1,46,46,5.75,K
2007,00-0002655,J.Carney,KC,JAX,2,0,0,0,0,0,12,46,5.75,K
2007,00-0004091,P.Dawson,CLE,CLE,17,6,1,0,3,1,117,117,7.8,K
2007,00-0004811,J.Elam,DEN,DEN,16,8,1,0,4,0,112,112,7.466666666666667,K
2007,00-0006800,J.Hanson,DET,DET,13,11,3,0,6,1,126,126,8.4,K
2007,00-0009028,J.Kasay,CAR,CAR,15,6,2,0,4,0,98,98,6.533333333333333,K
2007,00-0010072,R.Longwell,MIN,MIN,8,10,1,0,4,1,104,104,7.428571428571429,K
2007,00-0010373,O.Mare,NO,NO,7,2,1,0,7,0,61,61,4.6923076923076925,K
2007,00-0011970,J.Nedney,SF,SF,12,5,0,0,2,0,75,75,5.357142857142857,K
2007,00-0015784,M.Stover,BAL,BAL,17,8,0,0,5,0,101,101,7.214285714285714,K
2007,00-0016919,A.Vinatieri,IND,IND,22,0,0,0,6,2,108,108,7.2,K
2007,00-0017693,J.Wilkins,STL,STL,12,7,3,0,8,0,95,95,6.333333333333333,K
2007,00-0019310,R.Lindell,BUF,BUF,15,4,2,0,3,0,92,92,6.571428571428571,K
2007,00-0019536,S.Graham,CIN,CIN,24,6,0,0,3,0,125,125,8.333333333333334,K
2007,00-0019646,S.Janikowski,OAK,OAK,10,7,5,0,8,0,101,101,6.733333333333333,K
2007,00-0019676,N.Rackers,ARI,ARI,11,5,3,0,9,1,100,100,6.666666666666667,K
2007,00-0019770,J.Feely,MIA,MIA,13,6,1,0,2,0,90,90,6.428571428571429,K
2007,00-0019778,L.Tynes,NYG,NYG,15,8,0,0,4,2,108,108,7.2,K
2007,00-0020578,M.Bryant,TB,TB,20,5,0,0,5,0,107,107,7.133333333333334,K
2007,00-0020737,J.Reed,PIT,PIT,19,4,0,0,2,0,112,112,7.466666666666667,K
2007,00-0020962,R.Bironas,TEN,TEN,21,8,3,0,4,0,133,133,8.866666666666667,K
2007,00-0021940,J.Brown,SEA,SEA,17,8,1,0,6,0,120,120,8.571428571428571,K
2007,00-0022737,N.Kaeding,SD,SD,13,7,1,0,3,0,112,112,7.466666666666667,K
2007,00-0022874,J.Scobee,JAX,JAX,9,3,0,0,1,1,60,60,8.571428571428571,K
2007,00-0023001,S.Suisham,WAS,WAS,17,10,0,0,6,1,111,111,7.4,K
2007,00-0023252,R.Gould,CHI,CHI,18,12,0,0,5,0,126,126,8.4,K
2007,00-0023482,M.Nugent,NYJ,NYJ,21,5,1,0,7,1,103,103,6.866666666666666,K
2007,00-0023635,D.Rayner,KC,KC,10,5,0,0,7,0,57,57,5.7,K
2007,00-0024333,S.Gostkowski,NE,NE,16,2,0,0,3,0,124,124,8.266666666666667,K
2007,00-0025565,N.Folk,DAL,DAL,15,7,2,0,4,0,132,132,8.8,K
2007,00-0025580,M.Crosby,GB,GB,17,9,3,0,8,0,138,138,9.2,K
2008,00-0000108,D.Akers,PHI,PHI,24,5,1,0,6,0,131,131,8.733333333333333,K
2008,00-0001980,K.Brown,HOU,HOU,18,8,2,0,4,0,125,125,8.333333333333334,K
2008,00-0002655,J.Carney,NYG,NYG,27,4,0,0,2,0,132,132,9.428571428571429,K
2008,00-0004091,P.Dawson,CLE,CLE,22,5,3,0,5,0,114,114,8.142857142857142,K
2008,00-0004811,J.Elam,ATL,ATL,17,10,1,0,2,0,132,132,8.8,K
2008,00-0006223,M.Gramatica,NO,NO,3,2,1,0,4,0,34,34,6.8,K
2008,00-0006800,J.Hanson,DET,DET,7,6,8,0,1,1,106,106,7.066666666666666,K
2008,00-0009028,J.Kasay,CAR,CAR,14,9,1,0,2,0,124,124,8.266666666666667,K
2008,00-0010072,R.Longwell,MIN,MIN,17,5,5,0,5,0,129,129,8.6,K
2008,00-0010373,O.Mare,SEA,SEA,16,5,3,0,2,0,108,108,7.2,K
2008,00-0011970,J.Nedney,SF,SF,17,8,2,0,3,0,121,121,8.066666666666666,K
2008,00-0015784,M.Stover,BAL,BAL,21,4,0,0,5,0,112,112,7.466666666666667,K
2008,00-0016919,A.Vinatieri,IND,IND,11,4,2,0,5,0,95,95,6.333333333333333,K
2008,00-0019310,R.Lindell,BUF,BUF,19,10,1,0,7,0,129,129,8.6,K
2008,00-0019536,S.Graham,CIN,CIN,10,8,0,0,3,0,73,73,5.615384615384615,K
2008,00-0019646,S.Janikowski,OAK,OAK,18,2,3,0,6,1,92,92,6.571428571428571,K
2008,00-0019676,N.Rackers,ARI,ARI,16,6,1,0,3,0,114,114,7.6,K
2008,00-0019770,J.Feely,NYJ,NYJ,17,4,2,0,4,0,112,112,8.0,K
2008,00-0020578,M.Bryant,TB,TB,26,5,0,0,6,1,124,124,8.266666666666667,K
2008,00-0020737,Je.Reed,PIT,PIT,17,8,1,0,4,1,116,116,7.733333333333333,K
2008,00-0020962,R.Bironas,TEN,TEN,13,15,1,0,3,0,141,141,9.4,K
2008,00-0021940,J.Brown,STL,STL,13,10,6,0,5,0,120,120,8.0,K
2008,00-0022737,N.Kaeding,SD,SD,22,3,1,0,5,0,117,117,7.8,K
2008,00-0022874,J.Scobee,JAX,JAX,10,5,4,0,6,0,96,96,6.4,K
2008,00-0023001,S.Suisham,WAS,WAS,14,10,1,0,10,0,99,99,6.6,K
2008,00-0023096,N.Novak,KC,KC,4,2,0,0,4,0,23,23,5.75,K
2008,00-0023252,R.Gould,CHI,CHI,17,8,0,0,3,0,118,118,7.866666666666666,K
2008,00-0023853,M.Prater,DEN,DEN,15,5,5,0,9,0,119,119,7.933333333333334,K
2008,00-0024333,S.Gostkowski,NE,NE,24,9,1,0,3,0,149,149,9.933333333333334,K
2008,00-0025565,N.Folk,DAL,DAL,7,9,2,0,2,0,107,107,7.133333333333334,K
2008,00-0025580,M.Crosby,GB,GB,18,5,3,0,6,0,125,125,8.333333333333334,K
2008,00-0025824,G.Hartley,NO,NO,8,4,0,0,0,0,64,64,9.142857142857142,K
2008,00-0026003,D.Carpenter,MIA,MIA,11,8,1,0,4,0,103,103,6.866666666666666,K
2008,00-0026138,C.Barth,KC,KC,9,1,0,0,2,0,53,53,5.888888888888889,K
2009,00-0000108,D.Akers,PHI,PHI,20,11,1,0,4,2,148,148,9.866666666666667,K
2009,00-0001980,K.Brown,HOU,HOU,17,2,2,0,9,0,99,99,6.6,K
2009,00-0002655,J.Carney,NO,NO,11,2,0,0,4,2,87,87,7.909090909090909,K
2009,00-0004091,P.Dawson,CLE,CLE,9,5,0,0,2,1,61,61,6.777777777777778,K
2009,00-0004811,J.Elam,ATL,ATL,8,3,1,0,7,1,66,66,6.0,K
2009,00-0006800,J.Hanson,DET,DET,12,5,1,0,7,0,77,77,5.923076923076923,K
2009,00-0009028,J.Kasay,CAR,CAR,14,4,1,0,5,1,87,87,5.8,K
2009,00-0010072,R.Longwell,MIN,MIN,13,8,2,0,2,1,128,128,8.533333333333333,K
2009,00-0010373,O.Mare,SEA,SEA,17,5,0,0,2,0,96,96,6.4,K
2009,00-0011970,J.Nedney,SF,SF,11,4,2,0,4,0,88,88,6.285714285714286,K
2009,00-0015784,M.Stover,IND,IND,7,2,0,0,2,0,59,59,6.555555555555555,K
2009,00-0016919,A.Vinatieri,IND,IND,5,2,0,0,2,1,38,38,6.333333333333333,K
2009,00-0019310,R.Lindell,BUF,BUF,18,6,1,0,5,0,99,99,6.6,K
2009,00-0019536,S.Graham,CIN,CIN,18,3,2,0,5,1,99,99,6.6,K
2009,00-0019646,S.Janikowski,OAK,OAK,9,9,5,1,3,0,107,107,7.642857142857143,K
2009,00-0019676,N.Rackers,ARI,ARI,10,6,0,0,1,1,89,89,6.846153846153846,K
2009,00-0019770,J.Feely,NYJ,NYJ,16,10,1,0,6,0,115,115,7.666666666666667,K
2009,00-0019778,L.Tynes,NYG,NYG,21,5,1,0,5,0,127,127,8.466666666666667,K
2009,00-0020578,M.Bryant,ATL,ATL,4,0,1,0,2,0,23,23,5.75,K
2009,00-0020737,J.Reed,PIT,PIT,20,4,0,0,4,0,110,110,7.333333333333333,K
2009,00-0020962,R.Bironas,TEN,TEN,12,9,5,0,4,0,128,128,9.142857142857142,K
2009,00-0020972,B.Cundiff,BAL,BAL,9,3,0,0,3,0,52,52,8.666666666666666,K
2009,00-0020972,B.Cundiff,CLE,BAL,6,0,0,0,0,0,22,52,8.666666666666666,K
2009,00-0021940,Josh.Brown,STL,STL,8,4,5,0,4,0,77,77,5.133333333333334,K
2009,00-0022737,N.Kaeding,SD,SD,22,4,3,0,3,1,142,142,9.466666666666667,K
2009,00-0022874,J.Scobee,JAX,JAX,11,2,4,0,9,1,80,80,5.714285714285714,K
2009,00-0023001,S.Suisham,WAS,WAS,13,5,0,0,3,1,76,76,6.333333333333333,K
2009,00-0023252,R.Gould,CHI,CHI,13,6,2,0,4,0,98,98,6.533333333333333,K
2009,00-0023853,M.Prater,DEN,DEN,19,8,2,0,5,0,123,123,8.2,K
2009,00-0024333,S.Gostkowski,NE,NE,19,4,1,0,5,0,117,117,7.8,K
2009,00-0025565,N.Folk,DAL,DAL,12,5,1,0,10,0,87,87,6.214285714285714,K
2009,00-0025580,M.Crosby,GB,GB,20,4,2,0,9,1,121,121,8.066666666666666,K
2009,00-0025824,G.Hartley,NO,NO,8,0,0,0,2,1,31,31,7.75,K
2009,00-0025944,S.Hauschka,BAL,BAL,6,3,0,0,4,1,53,53,5.888888888888889,K
2009,00-0026003,D.Carpenter,MIA,MIA,15,8,1,0,3,1,113,113,7.533333333333333,K
2009,00-0026138,C.Barth,TB,TB,6,4,3,0,5,0,55,55,6.875,K
2009,00-0026968,R.Succop,KC,KC,15,5,2,0,4,0,95,95,6.333333333333333,K
2010,00-0000108,D.Akers,PHI,PHI,21,8,1,0,6,0,140,140,9.333333333333334,K
2010,00-0004091,P.Dawson,CLE,CLE,19,3,0,0,5,0,92,92,6.133333333333334,K
2010,00-0006800,J.Hanson,DET,DET,5,4,3,0,2,0,63,63,7.875,K
2010,00-0009028,J.Kasay,CAR,CAR,10,11,3,0,4,0,101,101,6.733333333333333,K
2010,00-0010072,R.Longwell,MIN,MIN,14,1,0,0,1,1,74,74,4.933333333333334,K
2010,00-0010373,O.Mare,SEA,SEA,16,5,1,0,5,0,98,98,6.533333333333333,K
2010,00-0011970,J.Nedney,SF,SF,8,1,2,0,2,0,53,53,5.888888888888889,K
2010,00-0016919,A.Vinatieri,IND,IND,17,6,0,0,2,0,122,122,8.133333333333333,K
2010,00-0019310,R.Lindell,BUF,BUF,12,2,2,0,5,1,79,79,5.266666666666667,K
2010,00-0019536,S.Graham,NE,NE,10,1,0,0,0,2,64,64,9.142857142857142,K
2010,00-0019646,S.Janikowski,OAK,OAK,20,8,4,0,8,0,143,143,9.533333333333333,K
2010,00-0019676,N.Rackers,HOU,HOU,17,5,3,0,3,0,122,122,8.133333333333333,K
2010,00-0019770,J.Feely,ARI,ARI,14,8,2,0,3,0,109,109,7.266666666666667,K
2010,00-0019778,L.Tynes,NYG,NYG,13,3,2,0,3,0,99,99,7.071428571428571,K
2010,00-0020578,M.Bryant,ATL,ATL,19,7,1,0,3,0,127,127,8.466666666666667,K
2010,00-0020737,J.Reed,PIT,PIT,13,0,2,0,7,0,61,61,6.777777777777778,K
2010,00-0020737,J.Reed,SF,PIT,5,3,0,0,1,0,34,61,6.777777777777778,K
2010,00-0020962,R.Bironas,TEN,TEN,13,7,2,0,1,0,112,112,8.0,K
2010,00-0020972,B.Cundiff,BAL,BAL,18,6,0,0,3,0,113,113,7.533333333333333,K
2010,00-0021940,Josh.Brown,STL,STL,21,7,3,0,6,1,126,126,8.4,K
2010,00-0022737,N.Kaeding,SD,SD,12,6,1,0,4,0,98,98,8.166666666666666,K
2010,00-0022874,J.Scobee,JAX,JAX,10,9,2,0,5,0,110,110,7.333333333333333,K
2010,00-0023001,S.Suisham,PIT,PIT,5,7,0,0,1,0,56,56,9.333333333333334,K
2010,00-0023252,R.Gould,CHI,CHI,17,4,3,0,5,0,112,112,7.466666666666667,K
2010,00-0023482,M.Nugent,CIN,CIN,12,1,2,0,4,0,63,63,7.0,K
2010,00-0023635,D.Rayner,DET,DET,5,5,1,0,3,0,51,51,7.285714285714286,K
2010,00-0023853,M.Prater,DEN,DEN,10,4,2,0,2,1,82,82,6.833333333333333,K
2010,00-0024333,S.Gostkowski,NE,NE,8,2,0,0,3,0,55,55,6.875,K
2010,00-0025565,N.Folk,NYJ,NYJ,24,3,2,0,9,0,117,117,7.8,K
2010,00-0025580,M.Crosby,GB,GB,11,8,2,0,6,0,114,114,7.6,K
2010,00-0025824,G.Hartley,NO,NO,11,5,2,0,5,0,97,97,7.461538461538462,K
2010,00-0026003,D.Carpenter,MIA,MIA,15,11,3,1,10,0,124,124,8.857142857142858,K
2010,00-0026138,C.Barth,TB,TB,15,4,1,0,5,0,95,95,6.333333333333333,K
2010,00-0026858,G.Gano,WAS,WAS,13,11,0,0,10,0,99,99,6.6,K
2010,00-0026968,R.Succop,KC,KC,12,6,1,0,6,0,100,100,7.142857142857143,K
2010,00-0027119,D.Buehler,DAL,DAL,12,8,4,0,7,2,121,121,8.066666666666666,K
2010,00-0027191,C.Stitser,CIN,CIN,6,1,0,0,0,2,29,29,7.25,K
2011,00-0000108,D.Akers,SF,SF,30,5,7,0,7,0,168,168,11.2,K
2011,00-0004091,P.Dawson,CLE,CLE,9,5,7,0,5,0,97,97,6.466666666666667,K
2011,00-0006800,J.Hanson,DET,DET,16,2,5,0,4,0,127,127,8.466666666666667,K
2011,00-0009028,J.Kasay,NO,NO,21,4,2,0,6,0,140,140,9.333333333333334,K
2011,00-0010072,R.Longwell,MIN,MIN,12,6,2,0,5,1,102,102,6.8,K
2011,00-0010373,O.Mare,CAR,CAR,14,7,0,0,6,1,106,106,7.066666666666666,K
2011,00-0016919,A.Vinatieri,IND,IND,12,7,2,0,4,0,93,93,6.2,K
2011,00-0019310,R.Lindell,BUF,BUF,8,5,0,0,2,0,67,67,8.375,K
2011,00-0019646,S.Janikowski,OAK,OAK,12,9,5,1,4,0,133,133,9.5,K
2011,00-0019676,N.Rackers,HOU,HOU,22,4,3,0,6,1,129,129,8.6,K
2011,00-0019770,J.Feely,ARI,ARI,12,3,1,0,5,0,79,79,5.266666666666667,K
2011,00-0019778,L.Tynes,NYG,NYG,14,3,1,0,4,0,94,94,6.266666666666667,K
2011,00-0020578,M.Bryant,ATL,ATL,19,5,2,0,2,0,124,124,8.266666666666667,K
2011,00-0020962,R.Bironas,TEN,TEN,12,8,6,0,3,0,127,127,8.466666666666667,K
2011,00-0020972,B.Cundiff,BAL,BAL,20,6,1,0,9,0,115,115,8.214285714285714,K
2011,00-0021940,Josh.Brown,STL,STL,13,6,0,0,7,0,71,71,5.071428571428571,K
2011,00-0022874,J.Scobee,JAX,JAX,8,6,5,0,2,0,94,94,6.266666666666667,K
2011,00-0023001,S.Suisham,PIT,PIT,14,6,1,0,7,0,99,99,6.6,K
2011,00-0023096,N.Novak,SD,SD,15,8,3,0,6,1,122,122,8.714285714285714,K
2011,00-0023252,R.Gould,CHI,CHI,15,6,6,0,4,0,130,130,8.666666666666666,K
2011,00-0023482,M.Nugent,CIN,CIN,18,12,0,0,4,1,130,130,8.666666666666666,K
2011,00-0023635,D.Rayner,BUF,BUF,8,0,2,0,5,0,42,42,6.0,K
2011,00-0023853,M.Prater,DEN,DEN,12,3,3,0,6,0,87,87,5.8,K
2011,00-0024333,S.Gostkowski,NE,NE,17,8,1,0,5,0,137,137,9.133333333333333,K
2011,00-0025565,N.Folk,NYJ,NYJ,10,5,3,0,6,0,101,101,6.733333333333333,K
2011,00-0025580,M.Crosby,GB,GB,18,3,2,0,3,1,135,135,9.0,K
2011,00-0025944,S.Hauschka,SEA,SEA,15,6,2,0,4,0,107,107,7.642857142857143,K
2011,00-0026003,D.Carpenter,MIA,MIA,16,8,1,0,5,0,105,105,8.076923076923077,K
2011,00-0026138,C.Barth,TB,TB,11,12,2,0,2,0,111,111,7.4,K
2011,00-0026858,G.Gano,WAS,WAS,18,8,4,0,9,1,121,121,8.066666666666666,K
2011,00-0026968,R.Succop,KC,KC,14,7,3,0,5,0,99,99,6.6,K
2011,00-0028058,A.Henery,PHI,PHI,17,4,1,0,3,0,111,111,7.4,K
2011,00-0028660,D.Bailey,DAL,DAL,20,10,2,0,4,0,143,143,9.533333333333333,K
2012,00-0000108,D.Akers,SF,SF,19,6,1,1,11,0,122,122,8.133333333333333,K
2012,00-0004091,P.Dawson,CLE,CLE,16,6,6,0,1,0,129,129,8.6,K
2012,00-0006800,J.Hanson,DET,DET,14,15,2,0,4,0,143,143,9.533333333333333,K
2012,00-0016919,A.Vinatieri,IND,IND,13,9,4,0,7,0,121,121,8.066666666666666,K
2012,00-0019310,R.Lindell,BUF,BUF,14,6,1,0,1,0,105,105,7.0,K
2012,00-0019536,S.Graham,HOU,HOU,18,7,3,0,6,0,135,135,9.0,K
2012,00-0019646,S.Janikowski,OAK,OAK,20,5,6,0,3,0,129,129,8.6,K
2012,00-0019770,J.Feely,ARI,ARI,13,8,1,1,3,0,103,103,7.357142857142857,K
2012,00-0019778,L.Tynes,NYG,NYG,25,7,1,0,6,0,142,142,9.466666666666667,K
2012,00-0020578,M.Bryant,ATL,ATL,18,10,4,0,5,0,151,151,10.066666666666666,K
2012,00-0020962,R.Bironas,TEN,TEN,19,4,1,0,6,0,102,102,6.8,K
2012,00-0020972,B.Cundiff,WAS,WAS,4,3,0,0,5,0,36,36,7.2,K
2012,00-0022874,J.Scobee,JAX,JAX,13,11,1,0,3,1,101,101,7.214285714285714,K
2012,00-0023001,S.Suisham,PIT,PIT,15,11,1,0,3,0,122,122,8.133333333333333,K
2012,00-0023096,N.Novak,SD,SD,11,4,2,0,2,0,87,87,7.25,K
2012,00-0023252,R.Gould,CHI,CHI,12,7,2,0,4,0,103,103,7.923076923076923,K
2012,00-0023482,M.Nugent,CIN,CIN,12,6,1,0,4,0,96,96,8.0,K
2012,00-0023853,M.Prater,DEN,DEN,18,4,3,0,6,0,129,129,8.6,K
2012,00-0024333,S.Gostkowski,NE,NE,18,9,2,0,6,0,156,156,10.4,K
2012,00-0025547,J.Medlock,CAR,CAR,5,2,0,0,3,0,43,43,4.3,K
2012,00-0025565,N.Folk,NYJ,NYJ,11,4,3,0,5,0,89,89,6.357142857142857,K
2012,00-0025580,M.Crosby,GB,GB,10,8,1,0,12,0,101,101,6.733333333333333,K
2012,00-0025824,G.Hartley,NO,NO,13,2,2,0,4,0,105,105,7.0,K
2012,00-0025944,S.Hauschka,SEA,SEA,18,3,1,0,3,2,112,112,7.466666666666667,K
2012,00-0026003,D.Carpenter,MIA,MIA,12,8,2,0,5,0,99,99,7.071428571428571,K
2012,00-0026138,C.Barth,TB,TB,9,10,6,0,5,0,130,130,9.285714285714286,K
2012,00-0026858,G.Gano,CAR,CAR,4,1,1,0,1,1,35,35,7.0,K
2012,00-0026968,R.Succop,KC,KC,15,10,2,0,5,0,107,107,7.642857142857143,K
2012,00-0028058,A.Henery,PHI,PHI,16,11,0,0,3,1,113,113,7.533333333333333,K
2012,00-0028660,D.Bailey,DAL,DAL,19,6,3,0,2,0,130,130,8.666666666666666,K
2012,00-0028787,K.Forbath,WAS,WAS,5,11,1,0,0,1,93,93,9.3,K
2012,00-0029576,B.Walsh,MIN,MIN,16,7,9,0,3,0,150,150,10.0,K
2012,00-0029597,J.Tucker,BAL,BAL,16,9,4,0,2,0,142,142,9.466666666666667,K
2012,00-0029621,G.Zuerlein,STL,STL,7,7,6,1,7,0,103,103,6.866666666666666,K
2013,00-0000108,D.Akers,DET,DET,11,4,2,0,5,1,95,95,6.333333333333333,K
2013,00-0004091,P.Dawson,SF,SF,17,9,3,0,3,0,141,141,9.4,K
2013,00-0016919,A.Vinatieri,IND,IND,13,15,4,0,5,0,145,145,10.357142857142858,K
2013,00-0019310,R.Lindell,TB,TB,15,4,3,0,6,0,99,99,6.6,K
2013,00-0019646,S.Janikowski,OAK,OAK,10,8,3,0,8,0,104,104,6.933333333333334,K
2013,00-0019770,J.Feely,ARI,ARI,16,9,3,0,4,0,130,130,8.666666666666666,K
2013,00-0020578,M.Bryant,ATL,ATL,15,4,3,0,3,0,110,110,7.333333333333333,K
2013,00-0020962,R.Bironas,TEN,TEN,17,4,1,0,4,0,108,108,7.2,K
2013,00-0020972,B.Cundiff,CLE,CLE,12,7,2,0,5,0,100,100,6.666666666666667,K
2013,00-0021940,J.Brown,NYG,NYG,13,7,1,0,2,0,99,99,7.071428571428571,K
2013,00-0022874,J.Scobee,JAX,JAX,14,4,4,0,2,1,97,97,6.928571428571429,K
2013,00-0023001,S.Suisham,PIT,PIT,20,8,0,0,2,0,127,127,8.466666666666667,K
2013,00-0023096,N.Novak,SD,SD,21,9,2,0,3,0,145,145,9.666666666666666,K
2013,00-0023252,R.Gould,CHI,CHI,17,6,3,0,3,1,128,128,8.533333333333333,K
2013,00-0023482,M.Nugent,CIN,CIN,6,7,3,0,4,1,105,105,7.0,K
2013,00-0023853,M.Prater,DEN,DEN,10,8,4,1,1,0,158,158,10.533333333333333,K
2013,00-0024333,S.Gostkowski,NE,NE,19,10,5,0,3,0,161,161,10.733333333333333,K
2013,00-0025565,N.Folk,NYJ,NYJ,16,12,3,0,2,0,134,134,8.933333333333334,K
2013,00-0025580,M.Crosby,GB,GB,20,6,5,0,4,0,144,144,9.6,K
2013,00-0025824,G.Hartley,NO,NO,12,9,1,0,8,0,110,110,7.857142857142857,K
2013,00-0025944,S.Hauschka,SEA,SEA,17,11,3,0,2,0,149,149,9.933333333333334,K
2013,00-0026003,D.Carpenter,BUF,BUF,18,10,3,0,3,0,136,136,9.066666666666666,K
2013,00-0026858,G.Gano,CAR,CAR,13,5,6,0,3,0,125,125,8.333333333333334,K
2013,00-0026968,R.Succop,KC,KC,15,5,1,0,5,0,114,114,7.6,K
2013,00-0028058,A.Henery,PHI,PHI,15,6,1,0,5,0,111,111,7.928571428571429,K
2013,00-0028660,D.Bailey,DAL,DAL,11,8,6,0,2,0,139,139,9.266666666666667,K
2013,00-0028787,K.Forbath,WAS,WAS,12,3,1,0,4,0,75,75,6.818181818181818,K
2013,00-0029421,R.Bullock,HOU,HOU,12,12,1,0,9,0,105,105,7.0,K
2013,00-0029576,B.Walsh,MIN,MIN,19,5,2,0,4,1,124,124,8.266666666666667,K
2013,00-0029597,J.Tucker,BAL,BAL,19,10,5,1,3,0,151,151,10.066666666666666,K
2013,00-0029621,G.Zuerlein,STL,STL,16,8,1,0,2,0,117,117,7.8,K
2013,00-0030390,C.Sturgis,MIA,MIA,15,8,3,0,8,0,116,116,8.285714285714286,K
2014,00-0004091,P.Dawson,SF,SF,13,5,5,0,6,0,109,109,7.266666666666667,K
2014,00-0016919,A.Vinatieri,IND,IND,18,7,3,0,0,0,144,144,9.6,K
2014,00-0019536,S.Graham,NO,NO,15,3,1,0,3,1,102,102,6.8,K
2014,00-0019646,S.Janikowski,OAK,OAK,7,9,3,0,3,0,95,95,6.785714285714286,K
2014,00-0020578,M.Bryant,ATL,ATL,13,8,7,0,3,0,143,143,9.533333333333333,K
2014,00-0020972,B.Cundiff,CLE,CLE,16,5,1,0,7,0,94,94,7.230769230769231,K
2014,00-0021940,J.Brown,NYG,NYG,13,4,3,0,2,0,110,110,7.857142857142857,K
2014,00-0022874,J.Scobee,JAX,JAX,10,7,2,0,5,0,84,84,5.6,K
2014,00-0023001,S.Suisham,PIT,PIT,16,10,1,0,3,0,132,132,8.8,K
2014,00-0023096,N.Novak,SD,SD,15,4,3,0,3,0,112,112,8.0,K
2014,00-0023252,R.Gould,CHI,CHI,6,3,0,0,3,1,55,55,4.583333333333333,K
2014,00-0023482,M.Nugent,CIN,CIN,15,10,0,0,6,0,116,116,8.285714285714286,K
2014,00-0023853,M.Prater,DET,DET,12,6,3,0,5,0,89,89,8.9,K
2014,00-0024333,S.Gostkowski,NE,NE,20,11,1,0,2,0,158,158,10.533333333333333,K
2014,00-0025565,N.Folk,NYJ,NYJ,17,9,3,0,6,0,115,115,8.214285714285714,K
2014,00-0025580,M.Crosby,GB,GB,18,5,4,0,5,2,138,138,9.2,K
2014,00-0025944,S.Hauschka,SEA,SEA,20,7,2,0,6,0,131,131,8.733333333333333,K
2014,00-0026003,D.Carpenter,BUF,BUF,21,6,6,0,4,1,142,142,9.466666666666667,K
2014,00-0026138,C.Barth,DEN,DEN,8,2,1,0,1,0,46,46,11.5,K
2014,00-0026858,G.Gano,CAR,CAR,18,8,1,0,6,0,115,115,7.666666666666667,K
2014,00-0026968,R.Succop,TEN,TEN,11,5,2,0,3,0,86,86,5.733333333333333,K
2014,00-0028660,D.Bailey,DAL,DAL,9,8,5,0,4,0,131,131,8.733333333333333,K
2014,00-0028787,K.Forbath,WAS,WAS,16,7,0,0,3,1,102,102,7.285714285714286,K
2014,00-0029421,R.Bullock,HOU,HOU,19,7,4,0,5,0,137,137,9.133333333333333,K
2014,00-0029576,B.Walsh,MIN,MIN,13,6,5,0,9,0,107,107,7.133333333333334,K
2014,00-0029597,J.Tucker,BAL,BAL,19,4,4,0,5,0,128,128,8.533333333333333,K
2014,00-0029621,G.Zuerlein,STL,STL,16,2,4,0,6,1,104,104,6.933333333333334,K
2014,00-0029822,B.McManus,DEN,DEN,7,2,0,0,4,0,66,66,6.0,K
2014,00-0030390,C.Sturgis,MIA,MIA,19,6,3,0,7,0,127,127,8.466666666666667,K
2014,00-0030626,P.Murray,TB,TB,7,6,5,0,4,0,95,95,6.333333333333333,K
2014,00-0030850,C.Parkey,PHI,PHI,22,4,4,0,4,0,148,148,9.866666666666667,K
2014,00-0030896,C.Catanzaro,ARI,ARI,16,10,2,0,4,0,119,119,7.933333333333334,K
2014,00-0031203,C.Santos,KC,KC,14,6,1,0,4,0,104,104,6.933333333333334,K
2015,00-0004091,P.Dawson,SF,SF,11,6,3,0,3,1,88,88,5.866666666666666,K
2015,00-0016919,A.Vinatieri,IND,IND,12,7,3,0,2,3,106,106,7.066666666666666,K
2015,00-0019536,S.Graham,ATL,ATL,6,2,2,0,1,0,41,41,10.25,K
2015,00-0019646,S.Janikowski,OAK,OAK,11,5,4,0,5,1,104,104,6.933333333333334,K
2015,00-0020578,M.Bryant,ATL,ATL,8,6,0,0,4,0,70,70,7.0,K
2015,00-0021940,J.Brown,NYG,NYG,17,7,3,0,2,1,133,133,8.866666666666667,K
2015,00-0022874,J.Scobee,PIT,PIT,3,3,0,0,4,1,23,23,5.75,K
2015,00-0023096,N.Novak,HOU,HOU,11,4,0,0,2,2,73,73,6.083333333333333,K
2015,00-0023252,R.Gould,CHI,CHI,18,6,7,0,6,1,133,133,9.5,K
2015,00-0023482,M.Nugent,CIN,CIN,11,10,1,0,5,1,118,118,7.866666666666666,K
2015,00-0023853,M.Prater,DET,DET,11,6,4,0,1,3,109,109,7.266666666666667,K
2015,00-0024333,S.Gostkowski,NE,NE,16,12,4,0,2,0,165,165,11.0,K
2015,00-0025565,N.Folk,NYJ,NYJ,8,3,2,0,3,0,62,62,8.857142857142858,K
2015,00-0025580,M.Crosby,GB,GB,11,7,4,0,4,0,112,112,8.0,K
2015,00-0025944,S.Hauschka,SEA,SEA,15,7,4,0,1,3,129,129,8.6,K
2015,00-0026003,D.Carpenter,BUF,BUF,11,6,3,0,4,5,101,101,6.733333333333333,K
2015,00-0026138,C.Barth,TB,TB,16,3,3,0,5,1,94,94,8.545454545454545,K
2015,00-0026858,G.Gano,CAR,CAR,15,12,2,0,6,3,148,148,9.866666666666667,K
2015,00-0026968,R.Succop,TEN,TEN,6,6,1,0,2,2,71,71,5.461538461538462,K
2015,00-0028660,D.Bailey,DAL,DAL,19,6,5,0,2,0,126,126,8.4,K
2015,00-0028787,K.Forbath,NO,NO,4,1,2,0,4,1,53,53,5.888888888888889,K
2015,00-0029421,R.Bullock,NYJ,NYJ,7,6,0,0,2,1,60,60,8.571428571428571,K
2015,00-0029576,B.Walsh,MIN,MIN,20,6,6,0,5,4,140,140,9.333333333333334,K
2015,00-0029597,J.Tucker,BAL,BAL,18,9,3,0,7,0,126,126,8.4,K
2015,00-0029621,G.Zuerlein,STL,STL,10,4,2,1,8,2,79,79,6.076923076923077,K
2015,00-0029822,B.McManus,DEN,DEN,19,4,5,0,5,1,125,125,8.333333333333334,K
2015,00-0030098,D.Hopkins,WAS,WAS,14,7,2,0,3,1,112,112,8.0,K
2015,00-0030390,C.Sturgis,PHI,PHI,12,4,2,0,4,2,88,88,7.333333333333333,K
2015,00-0030896,C.Catanzaro,ARI,ARI,22,6,0,0,2,4,141,141,9.4,K
2015,00-0031092,Z.Hocker,NO,NO,7,1,1,0,4,1,37,37,6.166666666666667,K
2015,00-0031112,T.Coons,CLE,CLE,17,7,0,0,4,2,97,97,6.466666666666667,K
2015,00-0031136,C.Boswell,PIT,PIT,16,9,2,0,2,1,116,116,10.545454545454545,K
2015,00-0031203,C.Santos,KC,KC,17,9,4,0,7,2,136,136,9.066666666666666,K
2015,00-0031492,J.Myers,JAX,JAX,16,5,3,0,4,7,111,111,7.4,K
2015,00-0031656,K.Brindza,TB,TB,3,1,2,0,6,2,23,23,5.75,K
2015,00-0031718,A.Franks,MIA,MIA,6,4,1,0,2,3,68,68,4.533333333333333,K
2015,00-0032087,J.Lambo,SD,SD,11,10,3,0,6,4,108,108,7.2,K
2016,00-0004091,P.Dawson,SF,SF,10,7,1,0,3,1,90,90,6.0,K
2016,00-0016919,A.Vinatieri,IND,IND,10,9,7,0,3,0,139,139,9.266666666666667,K
2016,00-0019646,S.Janikowski,OAK,OAK,16,10,3,0,6,2,134,134,8.933333333333334,K
2016,00-0020578,M.Bryant,ATL,ATL,18,9,6,0,3,1,168,168,11.2,K
2016,00-0021940,J.Brown,NYG,NYG,7,4,0,0,1,0,45,45,9.0,K
2016,00-0023096,N.Novak,HOU,HOU,23,8,3,0,5,3,131,131,9.357142857142858,K
2016,00-0023252,R.Gould,NYG,NYG,5,3,0,0,0,3,46,46,5.111111111111111,K
2016,00-0023482,M.Nugent,CIN,CIN,18,5,0,0,6,6,91,91,7.0,K
2016,00-0023853,M.Prater,DET,DET,14,10,6,0,4,2,136,136,9.066666666666666,K
2016,00-0024333,S.Gostkowski,NE,NE,15,8,2,0,4,3,126,126,8.4,K
2016,00-0025565,N.Folk,NYJ,NYJ,19,3,2,0,4,2,96,96,6.4,K
2016,00-0025580,M.Crosby,GB,GB,20,5,0,0,4,2,118,118,7.866666666666666,K
2016,00-0025944,S.Hauschka,SEA,SEA,20,8,1,0,4,5,121,121,8.066666666666666,K
2016,00-0026003,D.Carpenter,BUF,BUF,13,4,1,0,6,5,93,93,6.2,K
2016,00-0026138,C.Barth,CHI,CHI,13,3,1,0,5,1,81,81,5.4,K
2016,00-0026858,G.Gano,CAR,CAR,13,14,2,0,5,3,130,130,8.666666666666666,K
2016,00-0026968,R.Succop,TEN,TEN,10,8,3,0,2,2,111,111,7.4,K
2016,00-0028660,D.Bailey,DAL,DAL,16,6,3,0,5,0,127,127,8.466666666666667,K
2016,00-0028787,K.Forbath,MIN,MIN,9,4,1,0,0,3,54,54,9.0,K
2016,00-0029576,B.Walsh,MIN,MIN,7,4,1,0,4,4,53,53,5.888888888888889,K
2016,00-0029597,J.Tucker,BAL,BAL,13,14,10,0,1,0,170,170,11.333333333333334,K
2016,00-0029621,G.Zuerlein,LAR,LAR,12,3,2,0,3,0,78,78,5.571428571428571,K
2016,00-0029822,B.McManus,DEN,DEN,18,7,3,0,4,1,122,122,8.133333333333333,K
2016,00-0030098,D.Hopkins,WAS,WAS,23,7,3,0,7,3,140,140,9.333333333333334,K
2016,00-0030390,C.Sturgis,PHI,PHI,22,7,4,0,5,1,136,136,9.066666666666666,K
2016,00-0030850,C.Parkey,CLE,CLE,11,7,1,0,4,1,79,79,6.076923076923077,K
2016,00-0030896,C.Catanzaro,ARI,ARI,10,5,2,1,7,4,97,97,6.466666666666667,K
2016,00-0031136,C.Boswell,PIT,PIT,10,11,0,0,4,0,103,103,7.357142857142857,K
2016,00-0031203,C.Santos,KC,KC,20,6,2,0,4,3,122,122,8.133333333333333,K
2016,00-0031492,J.Myers,JAX,JAX,10,8,7,0,5,3,119,119,7.933333333333334,K
2016,00-0031718,A.Franks,MIA,MIA,14,1,1,0,5,1,85,85,5.666666666666667,K
2016,00-0032087,J.Lambo,SD,SD,18,6,0,0,6,4,111,111,7.4,K
2016,00-0032569,W.Lutz,NO,NO,16,7,3,0,6,1,132,132,8.8,K
2016,00-0033102,R.Aguayo,TB,TB,17,4,0,0,7,2,90,90,6.0,K
2017,00-0004091,P.Dawson,ARI,ARI,18,7,3,0,8,3,110,110,7.333333333333333,K
2017,00-0016919,A.Vinatieri,IND,IND,17,6,4,0,5,2,110,110,7.857142857142857,K
2017,00-0020578,M.Bryant,ATL,ATL,14,8,7,0,5,0,138,138,9.2,K
2017,00-0023096,N.Novak,LAC,LAC,8,0,1,0,4,1,42,42,6.0,K
2017,00-0023252,R.Gould,SF,SF,17,16,4,0,2,2,157,157,10.466666666666667,K
2017,00-0023482,M.Nugent,DAL,DAL,4,3,0,0,2,0,30,30,7.5,K
2017,00-0023853,M.Prater,DET,DET,14,7,7,0,5,1,137,137,9.133333333333333,K
2017,00-0024333,S.Gostkowski,NE,NE,24,8,3,1,3,2,164,164,10.933333333333334,K
2017,00-0025565,N.Folk,TB,TB,3,2,1,0,5,2,24,24,6.0,K
2017,00-0025580,M.Crosby,GB,GB,10,3,1,0,4,2,76,76,5.846153846153846,K
2017,00-0025944,S.Hauschka,BUF,BUF,13,6,7,0,4,0,122,122,8.133333333333333,K
2017,00-0026138,C.Barth,CHI,CHI,5,5,1,0,5,0,52,52,5.2,K
2017,00-0026858,G.Gano,CAR,CAR,19,9,0,0,1,3,125,125,8.333333333333334,K
2017,00-0026968,R.Succop,TEN,TEN,14,16,2,0,7,1,140,140,9.333333333333334,K
2017,00-0028660,D.Bailey,DAL,DAL,8,4,3,0,4,1,77,77,7.7,K
2017,00-0028787,K.Forbath,MIN,MIN,20,6,6,0,5,5,140,140,9.333333333333334,K
2017,00-0028907,G.Tavecchio,OAK,OAK,10,2,3,0,5,1,80,80,5.714285714285714,K
2017,00-0029421,R.Bullock,CIN,CIN,12,4,1,0,2,2,82,82,6.3076923076923075,K
2017,00-0029576,B.Walsh,SEA,SEA,13,7,0,0,7,1,94,94,6.266666666666667,K
2017,00-0029597,J.Tucker,BAL,BAL,17,10,5,0,3,0,149,149,9.933333333333334,K
2017,00-0029621,G.Zuerlein,LAR,LAR,20,12,6,0,2,2,180,180,12.857142857142858,K
2017,00-0029822,B.McManus,DEN,DEN,16,4,3,0,8,0,95,95,6.785714285714286,K
2017,00-0030098,D.Hopkins,WAS,WAS,10,3,0,0,2,1,57,57,8.142857142857142,K
2017,00-0030626,P.Murray,TB,TB,13,3,2,0,4,0,76,76,6.909090909090909,K
2017,00-0030850,C.Parkey,MIA,MIA,13,6,1,0,2,3,91,91,6.5,K
2017,00-0030896,C.Catanzaro,NYJ,NYJ,10,11,2,0,4,0,109,109,7.785714285714286,K
2017,00-0031136,C.Boswell,PIT,PIT,22,9,4,0,3,2,152,152,10.133333333333333,K
2017,00-0031492,J.Myers,JAX,JAX,6,5,0,0,4,2,49,49,8.166666666666666,K
2017,00-0032087,J.Lambo,JAX,JAX,13,3,2,0,1,2,81,81,9.0,K
2017,00-0032569,W.Lutz,NO,NO,14,12,4,0,5,3,149,149,9.933333333333334,K
2017,00-0032584,N.Rose,WAS,WAS,8,1,1,0,1,2,50,50,6.25,K
2017,00-0032726,K.Fairbairn,HOU,HOU,11,5,2,0,5,3,89,89,6.357142857142857,K
2017,00-0032870,A.Rosas,NYG,NYG,9,4,3,0,7,2,71,71,4.733333333333333,K
2017,00-0033303,H.Butker,KC,KC,22,10,4,0,4,0,147,147,12.25,K
2017,00-0033702,Y.Koo,LAC,LAC,2,1,0,0,3,0,16,16,4.0,K
2017,00-0033787,J.Elliott,PHI,PHI,9,12,4,1,5,3,135,135,9.642857142857142,K
2017,00-0033862,Z.Gonzalez,CLE,CLE,9,4,1,0,5,1,65,65,4.333333333333333,K
2018,00-0004091,P.Dawson,ARI,ARI,4,1,0,0,3,0,28,28,3.5,K
2018,00-0016919,A.Vinatieri,IND,IND,13,5,3,0,4,2,111,111,7.928571428571429,K
2018,00-0019646,S.Janikowski,SEA,SEA,10,7,3,0,5,3,113,113,7.533333333333333,K
2018,00-0020578,M.Bryant,ATL,ATL,8,6,4,0,1,2,96,96,8.0,K
2018,00-0023252,R.Gould,SF,SF,21,9,2,0,1,2,132,132,8.8,K
2018,00-0023853,M.Prater,DET,DET,20,4,3,0,4,0,113,113,7.533333333333333,K
2018,00-0024333,S.Gostkowski,NE,NE,20,4,2,0,5,1,125,125,8.333333333333334,K
2018,00-0025580,M.Crosby,GB,GB,14,11,5,0,7,2,138,138,9.2,K
2018,00-0025944,S.Hauschka,BUF,BUF,11,7,4,0,4,1,96,96,6.857142857142857,K
2018,00-0026858,G.Gano,CAR,CAR,7,4,2,1,2,3,81,81,6.75,K
2018,00-0026968,R.Succop,TEN,TEN,17,5,3,0,4,3,108,108,7.714285714285714,K
2018,00-0028660,D.Bailey,MIN,MIN,16,3,1,0,7,1,87,87,7.25,K
2018,00-0029421,R.Bullock,CIN,CIN,10,5,2,0,4,2,94,94,6.266666666666667,K
2018,00-0029597,J.Tucker,BAL,BAL,18,8,5,0,4,1,141,141,9.4,K
2018,00-0029621,G.Zuerlein,LAR,LAR,18,4,3,0,4,1,110,110,11.0,K
2018,00-0029822,B.McManus,DEN,DEN,10,7,2,0,5,0,98,98,6.533333333333333,K
2018,00-0030098,D.Hopkins,WAS,WAS,12,10,4,0,3,1,118,118,8.428571428571429,K
2018,00-0030332,B.Maher,DAL,DAL,16,7,5,1,6,1,129,129,8.6,K
2018,00-0030390,C.Sturgis,LAC,LAC,6,3,0,0,4,6,35,35,5.833333333333333,K
2018,00-0030850,C.Parkey,CHI,CHI,13,8,1,0,7,2,110,110,7.333333333333333,K
2018,00-0030896,C.Catanzaro,TB,TB,10,0,1,0,4,4,54,54,6.0,K
2018,00-0031136,C.Boswell,PIT,PIT,7,5,1,0,7,5,82,82,5.466666666666667,K
2018,00-0031203,C.Santos,TB,TB,5,2,0,0,3,0,35,35,5.833333333333333,K
2018,00-0031492,J.Myers,NYJ,NYJ,17,9,6,0,3,3,144,144,9.6,K
2018,00-0032087,J.Lambo,JAX,JAX,12,3,4,0,2,1,85,85,6.538461538461538,K
2018,00-0032569,W.Lutz,NO,NO,15,11,2,0,2,1,147,147,9.8,K
2018,00-0032726,K.Fairbairn,HOU,HOU,19,12,4,0,5,2,157,157,10.466666666666667,K
2018,00-0032870,A.Rosas,NYG,NYG,21,5,4,0,1,1,130,130,9.285714285714286,K
2018,00-0033303,H.Butker,KC,KC,16,6,2,0,3,4,139,139,9.266666666666667,K
2018,00-0033787,J.Elliott,PHI,PHI,16,7,2,0,5,2,111,111,7.4,K
2018,00-0033862,Z.Gonzalez,ARI,ARI,2,2,0,0,2,1,16,16,4.0,K
2018,00-0034084,M.Badgley,LAC,LAC,9,5,1,0,1,1,75,75,8.333333333333334,K
2018,00-0034161,D.Carlson,OAK,OAK,5,8,2,0,1,0,74,74,8.222222222222221,K
2018,00-0034450,G.Joseph,CLE,CLE,10,5,1,0,2,4,75,75,5.769230769230769,K
2018,00-0034794,J.Sanders,MIA,MIA,9,7,1,0,2,1,91,91,6.066666666666666,K
2019,00-0016919,A.Vinatieri,IND,IND,12,3,2,0,8,6,72,72,6.0,K
2019,00-0020578,M.Bryant,ATL,ATL,4,3,2,0,5,1,43,43,6.142857142857143,K
2019,00-0023252,R.Gould,SF,SF,16,5,0,0,8,1,99,99,8.25,K
2019,00-0023482,M.Nugent,NE,NE,5,0,0,0,3,1,27,27,6.75,K
2019,00-0023853,M.Prater,DET,DET,13,5,6,0,5,1,117,117,7.8,K
2019,00-0024333,S.Gostkowski,NE,NE,6,1,0,0,1,4,32,32,8.0,K
2019,00-0025565,N.Folk,NE,NE,8,4,1,0,3,0,51,51,8.5,K
2019,00-0025580,M.Crosby,GB,GB,12,6,1,0,1,1,102,102,7.285714285714286,K
2019,00-0025944,S.Hauschka,BUF,BUF,10,9,1,0,6,2,95,95,6.333333333333333,K
2019,00-0026968,R.Succop,TEN,TEN,1,0,0,0,5,1,22,22,3.6666666666666665,K
2019,00-0028660,D.Bailey,MIN,MIN,15,5,3,0,2,4,117,117,8.357142857142858,K
2019,00-0029421,R.Bullock,CIN,CIN,16,8,1,0,4,0,102,102,6.8,K
2019,00-0029597,J.Tucker,BAL,BAL,16,7,1,0,1,2,135,135,9.0,K
2019,00-0029621,G.Zuerlein,LAR,LAR,14,4,5,0,8,0,113,113,7.533333333333333,K
2019,00-0029822,B.McManus,DEN,DEN,15,8,3,0,4,1,112,112,7.466666666666667,K
2019,00-0030098,D.Hopkins,WAS,WAS,13,7,2,0,5,1,92,92,6.133333333333334,K
2019,00-0030332,B.Maher,DAL,DAL,15,1,2,2,10,0,97,97,7.461538461538462,K
2019,00-0031136,C.Boswell,PIT,PIT,18,9,1,0,2,0,120,120,8.0,K
2019,00-0031203,C.Santos,TEN,TEN,1,2,1,0,5,0,23,23,4.6,K
2019,00-0031492,J.Myers,SEA,SEA,17,4,2,0,5,4,109,109,7.266666666666667,K
2019,00-0032087,J.Lambo,JAX,JAX,20,8,2,0,1,1,117,117,7.8,K
2019,00-0032569,W.Lutz,NO,NO,16,13,3,0,4,1,153,153,10.2,K
2019,00-0032726,K.Fairbairn,HOU,HOU,13,4,3,0,5,5,103,103,6.866666666666666,K
2019,00-0032870,A.Rosas,NYG,NYG,10,1,0,0,5,4,62,62,4.133333333333334,K
2019,00-0033138,S.Ficken,NYJ,NYJ,8,6,3,0,6,3,79,79,6.076923076923077,K
2019,00-0033303,H.Butker,KC,KC,18,12,3,0,4,3,154,154,10.266666666666667,K
2019,00-0033702,Y.Koo,ATL,ATL,12,5,1,0,3,1,72,72,10.285714285714286,K
2019,00-0033787,J.Elliott,PHI,PHI,14,5,1,0,4,2,94,94,6.266666666666667,K
2019,00-0033862,Z.Gonzalez,ARI,ARI,23,5,2,0,4,1,126,126,8.4,K
2019,00-0034084,M.Badgley,LAC,LAC,7,6,0,0,3,0,58,58,8.285714285714286,K
2019,00-0034161,D.Carlson,OAK,OAK,10,6,0,0,6,2,82,82,5.466666666666667,K
2019,00-0034173,E.Pineiro,CHI,CHI,14,3,2,0,5,2,85,85,5.666666666666667,K
2019,00-0034794,J.Sanders,MIA,MIA,13,5,3,0,7,1,93,93,6.642857142857143,K
2019,00-0035145,A.Seibert,CLE,CLE,15,8,1,0,4,4,106,106,7.066666666666666,K
2019,00-0035192,J.Slye,CAR,CAR,8,8,8,0,7,4,119,119,7.933333333333334,K
2019,00-0035269,M.Gay,TB,TB,11,11,5,0,5,5,138,138,9.2,K
2019,00-0035358,C.McLaughlin,LAC,SF,4,1,1,0,3,0,25,32,10.666666666666666,K
2020,00-0023252,R.Gould,SF,SF,8,9,2,0,4,2,102,102,6.8,K
2020,00-0023853,M.Prater,DET,DET,11,4,5,0,7,2,103,103,6.866666666666666,K
2020,00-0024333,S.Gostkowski,TEN,TEN,6,5,7,0,8,2,111,111,7.4,K
2020,00-0025565,N.Folk,NE,NE,13,11,2,0,2,3,117,117,7.8,K
2020,00-0025580,M.Crosby,GB,GB,7,5,4,0,0,4,115,115,7.666666666666667,K
2020,00-0026858,G.Gano,NYG,NYG,17,9,4,0,1,1,125,125,8.333333333333334,K
2020,00-0026968,R.Succop,TB,TB,17,7,1,0,3,5,128,128,8.533333333333333,K
2020,00-0028660,D.Bailey,MIN,MIN,8,4,2,0,6,5,77,77,5.133333333333334,K
2020,00-0029421,R.Bullock,CIN,CIN,11,7,3,0,5,1,95,95,7.916666666666667,K
2020,00-0029597,J.Tucker,BAL,BAL,13,9,3,0,3,1,134,134,8.933333333333334,K
2020,00-0029621,G.Zuerlein,DAL,DAL,17,11,2,0,7,3,130,130,8.666666666666666,K
2020,00-0029822,B.McManus,DEN,DEN,7,8,10,0,3,3,122,122,8.714285714285714,K
2020,00-0030098,D.Hopkins,WAS,WAS,12,11,2,0,7,2,111,111,7.4,K
2020,00-0030850,C.Parkey,CLE,CLE,8,10,0,0,3,4,101,101,7.214285714285714,K
2020,00-0031136,C.Boswell,PIT,PIT,11,7,1,0,1,4,99,99,7.615384615384615,K
2020,00-0031203,C.Santos,CHI,CHI,16,9,2,0,2,1,127,127,8.466666666666667,K
2020,00-0031385,S.Castillo,NYJ,NYJ,4,2,2,0,5,1,31,31,5.166666666666667,K
2020,00-0031492,J.Myers,SEA,SEA,7,13,1,1,0,3,131,131,8.733333333333333,K
2020,00-0032087,J.Lambo,JAX,JAX,2,1,2,0,0,2,28,28,7.0,K
2020,00-0032569,W.Lutz,NO,NO,14,6,1,0,5,0,120,120,8.0,K
2020,00-0032726,K.Fairbairn,HOU,HOU,15,5,3,0,4,2,111,111,7.4,K
2020,00-0032870,A.Rosas,JAX,JAX,5,0,3,0,3,0,34,34,6.8,K
2020,00-0033138,S.Ficken,NYJ,NYJ,11,1,1,0,2,3,52,52,5.777777777777778,K
2020,00-0033303,H.Butker,KC,KC,18,3,4,0,2,6,129,129,8.6,K
2020,00-0033702,Y.Koo,ATL,ATL,19,8,8,0,2,3,157,157,11.214285714285714,K
2020,00-0033787,J.Elliott,PHI,PHI,7,5,2,0,5,2,68,68,4.533333333333333,K
2020,00-0033862,Z.Gonzalez,ARI,ARI,6,8,2,0,6,1,92,92,7.666666666666667,K
2020,00-0034084,M.Badgley,LAC,LAC,14,8,2,0,9,3,107,107,7.133333333333334,K
2020,00-0034161,D.Carlson,LV,LV,25,3,4,0,2,2,147,147,9.8,K
2020,00-0034794,J.Sanders,MIA,MIA,15,11,8,0,3,0,160,160,10.666666666666666,K
2020,00-0035192,J.Slye,CAR,CAR,21,7,1,0,7,3,121,121,8.066666666666666,K
2020,00-0035269,M.Gay,LAR,LAR,4,6,1,0,2,0,54,54,9.0,K
2020,00-0035849,R.Blankenship,IND,IND,20,9,1,0,3,2,139,139,9.266666666666667,K
2020,00-0036162,T.Bass,BUF,BUF,16,8,4,0,6,2,143,143,9.533333333333333,K
2020,00-0036436,S.Sloman,LAR,LAR,7,1,0,0,3,3,40,40,5.714285714285714,K
2021,00-0023252,R.Gould,SF,SF,9,6,3,0,3,1,99,99,8.25,K
2021,00-0023853,M.Prater,ARI,ARI,18,2,6,1,7,2,135,135,8.4375,K
2021,00-0025565,N.Folk,NE,NE,20,10,5,0,3,5,161,161,10.0625,K
2021,00-0025580,M.Crosby,GB,GB,17,4,3,0,9,1,121,121,7.5625,K
2021,00-0026858,G.Gano,NYG,NYG,17,5,7,0,4,0,118,118,7.375,K
2021,00-0026968,R.Succop,TB,TB,17,6,0,0,4,3,122,122,7.625,K
2021,00-0029421,R.Bullock,TEN,TEN,17,8,1,0,4,3,122,122,8.133333333333333,K
2021,00-0029597,J.Tucker,BAL,BAL,15,12,5,1,2,0,153,153,9.5625,K
2021,00-0029621,G.Zuerlein,DAL,DAL,20,6,2,0,6,5,124,124,8.857142857142858,K
2021,00-0029822,B.McManus,DEN,DEN,12,8,4,1,5,1,119,119,7.4375,K
2021,00-0030098,D.Hopkins,LAC,LAC,10,6,1,0,1,2,85,85,8.5,K
2021,00-0030098,D.Hopkins,WAS,LAC,5,6,1,0,2,2,52,85,8.5,K
2021,00-0030332,B.Maher,NO,NO,9,4,0,0,1,2,49,49,8.166666666666666,K
2021,00-0031136,C.Boswell,PIT,PIT,15,10,8,0,4,2,147,147,9.1875,K
2021,00-0031203,C.Santos,CHI,CHI,15,8,0,0,4,1,100,100,6.25,K
2021,00-0031492,J.Myers,SEA,SEA,10,3,3,0,6,3,90,90,6.0,K
2021,00-0032726,K.Fairbairn,HOU,HOU,8,2,3,1,4,3,60,60,6.0,K
2021,00-0032870,A.Rosas,NO,NO,0,1,0,0,3,0,14,14,3.5,K
2021,00-0033303,H.Butker,KC,KC,13,4,6,0,3,2,127,127,8.466666666666667,K
2021,00-0033702,Y.Koo,ATL,ATL,17,5,3,0,2,0,112,112,7.0,K
2021,00-0033787,J.Elliott,PHI,PHI,16,9,3,0,3,0,138,138,8.625,K
2021,00-0033862,Z.Gonzalez,CAR,CAR,7,10,3,0,2,1,96,96,8.0,K
2021,00-0034084,M.Badgley,IND,IND,10,7,0,0,3,0,94,94,8.545454545454545,K
2021,00-0034161,D.Carlson,LV,LV,20,10,5,0,3,3,150,150,9.375,K
2021,00-0034173,E.Pineiro,NYJ,NYJ,4,2,1,0,0,1,33,33,8.25,K
2021,00-0034450,G.Joseph,MIN,MIN,18,7,7,0,5,4,144,144,9.0,K
2021,00-0034794,J.Sanders,MIA,MIA,12,7,2,0,8,1,97,97,6.466666666666667,K
2021,00-0034909,T.Vizcaino,LAC,LAC,5,1,0,0,1,5,28,28,4.666666666666667,K
2021,00-0035145,A.Seibert,DET,DET,4,5,1,0,2,0,40,40,6.666666666666667,K
2021,00-0035189,M.Wright,JAX,JAX,10,3,4,0,3,2,70,70,5.833333333333333,K
2021,00-0035192,J.Slye,WAS,WAS,7,1,1,0,0,1,38,38,7.6,K
2021,00-0035269,M.Gay,LAR,LAR,21,6,4,0,2,1,150,150,9.375,K
2021,00-0035358,C.McLaughlin,CLE,CLE,7,4,4,0,6,1,84,84,5.6,K
2021,00-0035849,R.Blankenship,IND,IND,6,5,0,0,3,1,42,42,8.4,K
2021,00-0036162,T.Bass,BUF,BUF,21,3,2,0,4,0,129,129,8.0625,K
2021,00-0036469,M.Ammendola,NYJ,NYJ,11,2,0,0,6,1,49,49,5.444444444444445,K
2021,00-0036703,B.Johnson,NO,NO,7,0,1,0,0,3,31,31,7.75,K
2021,00-0036816,R.Patterson,DET,DET,6,4,0,0,1,0,45,45,7.5,K
2021,00-0036854,E.McPherson,CIN,CIN,13,6,9,0,5,2,149,149,9.3125,K
2022,00-0023252,R.Gould,SF,SF,17,7,2,0,5,1,129,129,8.0625,K
2022,00-0023853,M.Prater,ARI,ARI,11,6,5,0,3,0,95,95,7.916666666666667,K
2022,00-0025565,N.Folk,NE,NE,17,10,4,0,5,3,136,136,8.5,K
2022,00-0025580,M.Crosby,GB,GB,17,4,1,0,3,2,105,105,6.5625,K
2022,00-0026858,G.Gano,NYG,NYG,10,10,8,0,3,2,138,138,8.625,K
2022,00-0026968,R.Succop,TB,TB,17,11,2,0,7,1,120,120,7.5,K
2022,00-0029421,R.Bullock,TEN,TEN,9,5,0,0,3,0,71,71,5.071428571428571,K
2022,00-0029597,J.Tucker,BAL,BAL,22,4,8,0,6,1,146,146,9.125,K
2022,00-0029621,G.Zuerlein,NYJ,NYJ,13,9,5,1,6,1,128,128,8.0,K
2022,00-0029822,B.McManus,DEN,DEN,9,10,8,0,8,2,120,120,7.5,K
2022,00-0030098,D.Hopkins,LAC,LAC,8,1,0,0,1,0,39,39,7.8,K
2022,00-0030332,B.Maher,DAL,DAL,14,6,8,1,3,2,159,159,9.9375,K
2022,00-0031136,C.Boswell,PIT,PIT,7,4,7,0,8,0,80,80,7.2727272727272725,K
2022,00-0031203,C.Santos,CHI,CHI,11,6,4,0,2,5,101,101,6.733333333333333,K
2022,00-0031492,J.Myers,SEA,SEA,20,4,6,0,2,1,144,144,9.0,K
2022,00-0032569,W.Lutz,NO,NO,15,4,3,1,6,0,108,108,6.75,K
2022,00-0032726,K.Fairbairn,HOU,HOU,13,9,6,0,2,0,124,124,7.75,K
2022,00-0033303,H.Butker,KC,KC,11,3,2,1,6,3,89,89,7.416666666666667,K
2022,00-0033702,Y.Koo,ATL,ATL,15,8,6,0,5,2,132,132,8.25,K
2022,00-0033787,J.Elliott,PHI,PHI,11,1,3,0,3,2,99,99,6.6,K
2022,00-0034084,M.Badgley,DET,DET,8,8,2,0,3,0,94,94,8.545454545454545,K
2022,00-0034161,D.Carlson,LV,LV,19,3,10,0,3,1,150,150,10.0,K
2022,00-0034173,E.Pineiro,CAR,CAR,18,12,2,0,2,2,139,139,8.6875,K
2022,00-0034450,G.Joseph,MIN,MIN,14,6,2,1,7,5,113,113,7.0625,K
2022,00-0034794,J.Sanders,MIA,MIA,10,12,1,0,6,3,118,118,7.375,K
2022,00-0035189,M.Wright,PIT,PIT,6,5,1,0,2,0,48,48,12.0,K
2022,00-0035192,J.Slye,WAS,WAS,11,8,4,0,3,3,104,104,6.933333333333334,K
2022,00-0035269,M.Gay,LAR,LAR,15,3,7,0,2,1,120,120,7.5,K
2022,00-0035358,C.McLaughlin,IND,IND,12,9,8,0,6,0,123,123,8.785714285714286,K
2022,00-0036162,T.Bass,BUF,BUF,15,10,2,0,4,2,134,134,8.933333333333334,K
2022,00-0036816,R.Patterson,JAX,JAX,16,10,2,0,5,1,127,127,7.9375,K
2022,00-0036854,E.McPherson,CIN,CIN,8,9,5,0,5,4,117,117,7.8,K
2022,00-0038097,C.York,CLE,CLE,14,6,4,0,8,2,111,111,6.9375,K
2023,00-0023853,M.Prater,ARI,ARI,11,6,8,1,3,1,120,120,8.0,K
2023,00-0025565,N.Folk,TEN,TEN,18,6,5,0,1,2,126,126,7.875,K
2023,00-0026858,G.Gano,NYG,NYG,5,3,3,0,6,0,44,44,5.5,K
2023,00-0029421,R.Bullock,NYG,NYG,2,2,1,0,1,0,28,28,5.6,K
2023,00-0029597,J.Tucker,BAL,BAL,19,11,1,0,5,1,151,151,9.4375,K
2023,00-0029621,G.Zuerlein,NYJ,NYJ,15,12,5,0,2,1,131,131,10.076923076923077,K
2023,00-0029822,B.McManus,JAX,JAX,13,10,5,0,7,0,130,130,8.125,K
2023,00-0030098,D.Hopkins,CLE,CLE,15,10,8,0,3,2,146,146,9.733333333333333,K
2023,00-0030332,B.Maher,LAR,LAR,7,7,3,0,6,1,70,70,10.0,K
2023,00-0031136,C.Boswell,PIT,PIT,15,7,6,0,2,1,126,126,7.875,K
2023,00-0031203,C.Santos,CHI,CHI,18,8,6,0,3,2,144,144,9.0,K
2023,00-0031492,J.Myers,SEA,SEA,17,12,4,0,7,0,144,144,9.0,K
2023,00-0032569,W.Lutz,DEN,DEN,23,4,3,0,4,2,123,123,8.2,K
2023,00-0032726,K.Fairbairn,HOU,HOU,20,2,4,0,1,0,106,106,9.636363636363637,K
2023,00-0033303,H.Butker,KC,KC,20,6,4,1,2,0,145,145,9.0625,K
2023,00-0033702,Y.Koo,ATL,ATL,19,9,3,0,5,1,128,128,8.0,K
2023,00-0033787,J.Elliott,PHI,PHI,15,7,6,1,2,1,151,151,9.4375,K
2023,00-0034161,D.Carlson,LV,LV,15,8,1,0,4,0,107,107,7.133333333333334,K
2023,00-0034173,E.Pineiro,CAR,CAR,13,7,5,0,4,3,105,105,7.0,K
2023,00-0034450,G.Joseph,MIN,MIN,16,2,4,0,6,2,104,104,6.5,K
2023,00-0034794,J.Sanders,MIA,MIA,13,6,5,0,4,1,140,140,8.75,K
2023,00-0035192,J.Slye,WAS,WAS,8,7,2,1,5,3,94,94,5.875,K
2023,00-0035269,M.Gay,IND,IND,16,7,7,0,7,1,139,139,8.6875,K
2023,00-0035358,C.McLaughlin,TB,TB,18,2,6,0,2,0,123,123,7.6875,K
2023,00-0036162,T.Bass,BUF,BUF,16,4,4,0,5,1,125,125,7.8125,K
2023,00-0036469,M.Ammendola,HOU,HOU,5,1,0,0,3,1,26,26,5.2,K
2023,00-0036816,R.Patterson,DET,DET,12,2,1,0,2,2,82,82,6.833333333333333,K
2023,00-0036854,E.McPherson,CIN,CIN,11,7,7,0,5,0,127,127,7.9375,K
2023,00-0037224,C.Dicker,LAC,LAC,14,6,7,0,2,0,134,134,8.375,K
2023,00-0037692,B.Aubrey,DAL,DAL,22,4,8,1,0,3,172,172,10.75,K
2023,00-0038152,L.Havrisik,LAR,LAR,11,2,2,0,5,3,65,65,7.222222222222222,K
2023,00-0038402,A.Carlson,GB,GB,19,4,3,0,5,5,115,115,7.1875,K
2023,00-0038562,J.Moody,SF,SF,15,4,2,0,3,0,126,126,7.875,K
2023,00-0038567,C.Ryland,NE,NE,8,5,2,0,9,1,69,69,4.6,K
2023,00-0038905,B.Grupe,NO,NO,14,8,6,0,7,0,131,131,8.1875,K
2024,00-0023853,M.Prater,ARI,ARI,2,3,1,0,0,0,33,33,8.25,K
2024,00-0025565,N.Folk,TEN,TEN,7,8,6,0,1,0,107,107,7.642857142857143,K
2024,00-0026858,G.Gano,NYG,NYG,2,4,1,0,2,0,39,39,4.875,K
2024,00-0029597,J.Tucker,BAL,BAL,11,5,6,0,8,2,130,130,8.125,K
2024,00-0029621,G.Zuerlein,NYJ,NYJ,8,1,0,0,6,1,35,35,4.375,K
2024,00-0029822,B.McManus,GB,GB,12,3,2,0,1,0,86,86,8.6,K
2024,00-0030098,D.Hopkins,CLE,CLE,8,5,4,0,9,3,71,71,4.733333333333333,K
2024,00-0031136,C.Boswell,PIT,PIT,21,7,12,0,3,0,181,181,11.3125,K
2024,00-0031203,C.Santos,CHI,CHI,8,5,7,0,4,1,97,97,6.0625,K
2024,00-0031492,J.Myers,SEA,SEA,10,7,8,0,4,3,128,128,8.0,K
2024,00-0032569,W.Lutz,DEN,DEN,14,11,5,0,3,0,149,149,9.3125,K
2024,00-0032726,K.Fairbairn,HOU,HOU,18,4,13,0,6,1,161,161,10.733333333333333,K
2024,00-0033303,H.Butker,KC,KC,15,4,2,0,3,2,97,97,8.083333333333334,K
2024,00-0033702,Y.Koo,ATL,ATL,12,7,6,0,9,0,111,111,7.928571428571429,K
2024,00-0033787,J.Elliott,PHI,PHI,17,8,1,0,7,1,126,126,7.875,K
2024,00-0033862,Z.Gonzalez,WAS,WAS,1,3,0,0,2,0,30,30,6.0,K
2024,00-0034161,D.Carlson,LV,LV,21,4,7,0,6,2,129,129,8.0625,K
2024,00-0034173,E.Pineiro,CAR,CAR,14,6,1,0,4,2,95,95,5.9375,K
2024,00-0034450,G.Joseph,NYG,NYG,8,4,1,0,3,0,48,48,8.0,K
2024,00-0034794,J.Sanders,MIA,MIA,18,5,12,0,4,2,154,154,9.625,K
2024,00-0035145,A.Seibert,WAS,WAS,17,8,2,0,3,2,112,112,12.444444444444445,K
2024,00-0035192,J.Slye,NE,NE,15,3,4,1,7,1,99,99,6.1875,K
2024,00-0035269,M.Gay,IND,IND,19,5,3,0,5,0,118,118,7.866666666666666,K
2024,00-0035358,C.McLaughlin,TB,TB,17,4,7,0,2,2,151,151,9.4375,K
2024,00-0036162,T.Bass,BUF,BUF,13,6,3,1,5,4,137,137,8.5625,K
2024,00-0036854,E.McPherson,CIN,CIN,10,3,3,0,6,1,88,88,7.333333333333333,K
2024,00-0037224,C.Dicker,LAC,LAC,16,10,9,0,2,3,162,162,10.125,K
2024,00-0037542,J.Romo,MIN,MIN,6,4,1,0,1,1,45,45,11.25,K
2024,00-0037692,B.Aubrey,DAL,DAL,9,13,12,2,7,0,173,173,10.8125,K
2024,00-0038097,C.York,CIN,CIN,4,0,1,0,2,1,28,28,7.0,K
2024,00-0038402,A.Carlson,NYJ,NYJ,4,3,1,0,2,2,36,36,7.2,K
2024,00-0038562,J.Moody,SF,SF,14,6,3,0,9,1,101,101,7.769230769230769,K
2024,00-0038567,C.Ryland,ARI,ARI,17,6,3,0,4,1,107,107,8.916666666666666,K
2024,00-0038905,B.Grupe,NO,NO,11,6,6,0,4,2,113,113,7.533333333333333,K
2024,00-0039172,J.Bates,DET,DET,13,6,6,0,3,3,150,150,9.375,K
2024,00-0039404,W.Reichard,MIN,MIN,9,5,7,0,5,0,115,115,9.583333333333334,K
2024,00-0039409,C.Little,JAX,JAX,13,8,3,0,2,0,109,109,6.8125,K
2024,00-0039649,B.Narveson,GB,GB,7,5,0,0,5,0,52,52,8.666666666666666,K
2024,00-0039750,J.Karty,LAR,LAR,17,4,4,0,5,4,113,113,7.0625,K
